SRL,SCL_NO,PART_NO,SPART_NO,NOMEN,A_U,NO_OFF,SCL_AUTH,SCL_PREPAR,P_STOCK,P_STOCK_DT,NO_EQPT,STOCK,N_REQD,N_REQDCONS,O_REQD,D_IN,D_QTY,Q_RECD,READ_Q,L_CODE,E_CODE,E_NAME,L_PAGE,FIN_YEAR,D_TYPE,SL,NSCL_NO,RCD1,IV1,IV_DT1,RCD2,IV2,IV_DT2,RCD3,IV3,IV_DT3,RATE,DT_NR,DEP_DEL,DEP_IIL,IIL_SRL,DEP_CVIL,CVIL_SRL,DEP_CRI,DEP_CRTL,DEP_CTRLDT,VED,MSC,OPT,DOT_CAN,DOT_CODE,SDEM_NO,COS,CONS_QTY,CONS_EQPT,DEP_CTRL,SO_QTY,FIN_HEAD,SO_NO,SO_DT
,NS,110 EG 91149,,BATTERY,NOS,2,20,,,,,,,,,,4,,0,80,,,304.0,,,,,1,866,2021-07-03,1,927,2021-07-14,2,2364,2012-11-27,,,,,,,,,,,,,,,,,,,,,,,,
,NS,CES04 10000,,BACK UP SWITCH,NOS,1,10,,,,,,,,,,2,,0,80,,,320.0,,,,,2,1898,2021-02-18,,,,,,,,,,,,,,,,,,,,,,,,,,,,,,
,NS,CES05 20000,,BATTRY RELAY,NOS,1,10,,,,,,,,,,2,,0,80,,,321.0,,,,,2,1843,2021-10-20,,,,,,,,,,,,,,,,,,,,,,,,,,,,,,
4,NS,761 EG 02279,,"SWITCH,TEMPERATURE",NOS,,,,,,,,1,,,,1,,0,80,,BD50_A15,316.0,,APD,,,,,,,,,,,,,,,,,,,,,,,,,,,,,,,,,,,
5,NS,071801000000,,CIRCUIT BRAKER,NOS,,,,,,,,1,,,,1,,0,80,,BD50_A15,341.0,,APD,,,1,537,2020-09-17,,,,,,,,,,,,,,,,,,,,,,,,,,,,,,
