SRL,SCL_NO,PART_NO,SPART_NO,NOMEN,A_U,NO_OFF,SCL_AUTH,SCL_PREPAR,P_STOCK,P_STOCK_DT,NO_EQPT,STOCK,N_REQD,O_REQD,D_IN,D_QTY,Q_RECD,READ_Q,DEM_NO,DEM_DT,L_CODE,E_CODE,E_NAME,L_PAGE,FIN_YEAR,D_TYPE,SL,D_LOCK,NSCL_NO,RCD1,IV1,IV_DT1,RCD2,IV2,IV_DT2,RCD3,IV3,IV_DT3,RATE,DT_NR,DEP_DEL,DEP_IIL,IIL_SRL,DEP_CVIL,CVIL_SRL,DEP_CRI,DEP_CTRL,DEP_CTRLDT,VED,MSC,SO_QTY,FIN_HEAD,SO_NO,SO_DT,OPT,DOT_CAN,DOT_CODE,SDEM_NO,N_REQDCONS,CONS_QTY,CONS_EQPT
1,NS,1546121220,,TUBE,NOS,1,0,,0,,,0,3,,,3,,0,002,2015-04-22,37,,D80-A12 CH,2299.0,2015-2016,SPD,,,,3,1219,2015-09-08,,,,,,,,,,,,,,,,,,,0,,,,,,,,,,
2,NS,1546121290,,TUBE,NOS,1,0,,0,,,0,3,,,3,,0,002,2015-04-22,37,,D80-A12 CH,2300.0,2015-2016,SPD,,,,3,1219,2015-09-08,,,,,,,,,,,,,,,,,,,0,,,,,,,,,,
3,NS,1546121240,,TUBE,NOS,1,0,,0,,,0,3,,,3,,0,002,2015-04-22,37,,D80-A12 CH,2301.0,2015-2016,SPD,,,,,,,,,,,,,,,,,,,,,,,,,0,,,,,,,,,,
4,NS,1546121310,,TUBE,NOS,1,0,,0,,,0,3,,,3,,0,002,2015-04-22,37,,D80-A12 CH,2302.0,2015-2016,SPD,,,,3,1219,2015-09-08,,,,,,,,,,,,,,,,,,,0,,,,,,,,,,
