SRL,SCL_NO,PART_NO,SPART_NO,NOMEN,A_U,NO_OFF,SCL_AUTH,SCL_PREPAR,P_STOCK,P_STOCK_DT,NO_EQPT,STOCK,N_REQD,N_REQDCONS,O_REQD,D_IN,D_QTY,Q_RECD,READ_Q,L_CODE,E_CODE,E_NAME,L_PAGE,FIN_YEAR,D_TYPE,SL,NSCL_NO,RCD1,IV1,IV_DT1,RCD2,IV2,IV_DT2,RCD3,IV3,IV_DT3,RATE,DT_NR,DEP_DEL,DEP_IIL,IIL_SRL,DEP_CVIL,CVIL_SRL,DEP_CRI,DEP_CRTL,DEP_CTRLDT,VED,MSC,OPT,DOT_CAN,DOT_CODE,SDEM_NO,COS,CONS_QTY,CONS_EQPT,DEP_CTRL,SO_QTY,FIN_HEAD,SO_NO,SO_DT
,,61TELCONWD0051001,,TYRE REAR ( 14.00 X 25) 12 PLY,NOS,2,0,,,,,,,,,,2,,0,68,,,68.0,,,,,2,2207,2021-03-11,,,,,,,,,,,,,,,,2020-12-11,,,,,,,,,,W/FD/0043,,,,
,,61TELCONWD0051002,,TUBE REAR ( 14 X 00 X 25 ),NOS,2,0,,,,,,,,,,2,,0,68,,,69.0,,,,,,,,,,,,,,,,,,,,,,,2020-12-11,,,,,,,,,,W/FD/0043,,,,
,,61TELCONWD0051003,,FLAP,NOS,2,0,,,,,,,,,,2,,0,68,,,70.0,,,,,,,,,,,,,,,,,,,,,,,2020-12-11,,,,,,,,,,W/FD/0043,,,,
,,61TELCONTE02073,,TYRE FRONT (9.00X16 PR),NOS,2,0,,,,,,,,,,2,,0,68,,,95.0,,,,,2,2208,2021-03-11,,,,,,,,,,,,,,,,2020-12-11,,,,,,,,,,W/FD/0043,,,,
,,TE02074/42600101,,TUBE FRONT (9.00X16 PR),NOS,2,0,,,,,,,,,,2,,0,68,,,96.0,,,,,2,2312,2021-03-16,,,,,,,,,,,,,,,,2020-12-11,,,,,,,,,,W/FD/0043,,,,
