FILE_NAME,DOC_TITLE,DOC_NO,DOC_CODE,S
,,,0,0
81203,LOCAL PURCHASE REQUISITION,MCO-ID-01,1,1
81203,LOCAL PURCHASE INDENT,ID-MCO-02,2,2
81229,MANUFACTURE/REPAIR ORDER,MCO-ID-03,3,3
81203,COMPARATIVE STATEMENT,,4,4
81203,SUPPLY ORDER,,5,5
81203,REPAIR ORDER,ID-MCO-06,6,6
81203,MANUFACTURE ORDER,ID-MCO-07,7,7
81203,REPEAT ORDER,ID-MCO-08,8,8
81203/MCO,AMENDMENT TO PURCHASE ORDER,MCO-ID-09,9,9
81203,INSPECTION NOTE,MCO-ID-08,10,10
81203,REJECTION NOTE,,11,11
81203,RECEIPT VOUCHER PURCHASE (CRV),ID-MCO-12,12,12
81203,RECEIPT VOUCHER (RV),ID-MCO-13,13,13
81203,ISSUE VOUCHER,,14,14
81203,RETURN VOUCHER,MCO-ID-15,15,15
,TRANSFER VOUCHER,,16,16
81203,SALES ISSUE VOUCHER,ID-MCO-000,17,17
81203,SALES RETURN VOUCHER,MCO-ID-000,18,18
81203,CONTINGENT BILL,MCO-ID-00,19,19
81203/MCO,CERTIFICATE,ID-MCO-20,20,20
81203/MCO,FORWARDING OF CONTINGENT BILLS,MCO-ID-21,21,21
,LEDGER,IAFZ,22,22
,,,32,32
81203/MCO,CANCELLATION OF ENQUIRY,MCO-ID-52,52,
,,,23,
,,,38,
,,,34,
,,,36,
,,,31,
,,,30,
,,,29,
,,,28,
,,,27,
,,,41,
,,,51,
