SUBJECT,FILE_NO,TYPE,HOLDING,LOCATION,EFILE,LETT01,LETT_DT01,ORG01,ADDSD01,COPY01,PAGE01,LETT02,LETT_DT02,ORG02,ADDSD02,COPY02,PAGE02,LETT03,LETT_DT03,ORG03,ADDSD03,COPY03,PAGE03,LETT04,LETT_DT04,ORG04,ADDSD04,COPY04,PAGE04,LETT05,LETT_DT05,ORG05,ADDSD05,COPY05,PAGE05,LETT06,LETT_DT06,ORG06,ADDSD06,COPY06,PAGE06,LETT07,LETT_DT07,ORG07,ADDSD07,COPY07,PAGE07,LETT08,LETT_DT08,ORG08,ADDSD08,COPY08,PAGE08,LETT09,LETT_DT09,ORG09,ADDSD09,COPY09,PAGE09,LETT10,LETT_DT10,ORG10,ADDSD10,COPY10,PAGE10,RECD01,RECD02,RECD03,RECD04,RECD05,RECD06,RECD07,RECD08,RECD09,RECD10,OPT,OPT1,STATUS,ACT_WITH,ACT_BY,ACT_DT_BY,ACT_DT,REC_DOC,IMP_EVENT,DISC_POINT,TASK,TASK_TYPE
Pull Back Apparatus Bofors 155mm Gun Field Howitzer 77 MO2,70102/155mm pull/PP,Gen Corres,Dipankar,,,B/35423/EME Prod-2,2012-06-01,DGQAKOLKATA,,,,,,,,,,,,,,,,,,,,,,,,,,,,,,,,,,,,,,,,,,,,,,,,,,,,,,,,,,2012-06-18,,,,,,,,,,0,,3,cmd,rasid,2015-11-30,,,,,,
Pull Back Apparatus Bofors 155mm fh b02,71202/155MM Pull Back/PP,,Dipankar Biswas,,,71202/155MM Pull Back/PP,2014-11-14,507ABW,253MEDREGT,"HQBWG,218MEDREGT,106MEDREGT",0,507601/ACSFP/xx/Q,2015-04-13,204SATA,507ABW,,0,,,,,,0,,,,,,0,,,,,,0,,,,,,0,,,,,,0,,,,,,0,,,,,,0,,,,,,0,2015-01-15,2015-04-21,,,,,,,,,0,,1,thimpsina,admin,2015-11-30,2015-11-30,0,,0,Intimate price of Pull Back for GSQR,
Pull Back Apparatus Bofors 155mm Field Howitzer 77BO2,71201/155mm Pull/PP,,Dipankar,,,,,,,,0,71201/155mm Pull/PP,2014-12-05,507ABW,HQ5MTNBDE,,,,,,,,,,,,,,,,,,,,,,,,,,,,,,,,,,,,,,,,,,,,,,,,,,,,2014-12-05,,,,,,,,,0,,,,,,,,,,,
Pull Back Apparatus Bofors 155MM Field Howitzer 77BO2,71202/155MM Pull Back/PP,,Unknown,,,521001/ACSF/66/Q,2014-11-05,253MEDREGT,507ABW,HQ5MtnBde,,71202/155mm Pull Back/PP,2013-04-20,507ABW,253MEDREGT,,,,,,,,,,,,,,,,,,,,,,,,,,,,,,,,,,,,,,,,,,,,,,,,,,,2014-11-06,,,,,,,,,,0,,,ashim,bhaskar,,,,,,,
PTN : Pull Back Apparatus Bofors 155MM,71202/155MM Pull Back/PP,,Unknown,docs\Eqpts,new microsoft office word document.docx,71202/155MM Pull Back/SWC/PPP,2014-08-26,507ABW,HQ33CORPS,,0,507603/ACSFP/70/Q,2014-08-14,218MEDREGT,507ABW,HQBWG,0,71202/155MM Pull Back/PP,2014-05-13,507ABW,HQ5MTNBDE,,86,,,,,,0,,,,,,0,,,,,,0,,,,,,0,,,,,,0,,,,,,0,,,,,,0,,,,,,,,,,,0,,0,,,,,1,,,,
Apparatus Pull Back Detls : Fwd of,71202/155MM Pull Back/PP,,Unknown,,,71202/155MM Pull Back/PP,2014-06-25,507ABW,106MEDREGT,,93,501301/72/Q,2014-06-19,106MEDREGT,507ABW,,92,,,,,,0,,,,,,0,,,,,,0,,,,,,0,,,,,,0,,,,,,0,,,,,,0,,,,,,0,,,,,,,,,,,0,,7,subhankar,admin,2015-11-30,,,,,,
Recoil Testing Tool : Pull Back Apparatus,71202/155MM Pull Back/PP,,Unknown,docs\REPORTS\MTLR,sudarsan.docx,,2015-02-02,INTHQ_MOD,MODDGOA,507,0,71202/155MM Pull Back/PP,2014-05-29,507ABW,110MEDREGT,,91,100103/  /GS(WE),2014-05-26,HQ33CORPS,507ABW,,90,521002/ACSFP/27/Q,2014-05-20,110MEDREGT,507ABW,,89,72302/MOS/R&I,2014-05-05,507ABW,110MEDREGT,,88,521002/ACSFP/19/Q,2014-04-30,110MEDREGT,507ABW,,87,71202/155MM Pull Back/PP,2014-04-07,507ABW,HQSWC,"HQ1CORP,HQ33DIV,HQ33BDE,HWBWG,110MEDREGT",85,48172/gs(mis)/ACSFP/110(C)12-13,2014-04-05,HQSWC,507ABW,"HQ1CORP,HQ33DIV,HQ33BDE",0,71202/155MM Pull Back/PP,2014-02-21,507ABW,110MEDREGT,,83,,,,,,0,,,2015-02-02,,,2015-01-16,,,,,0,,1,,bhaskar,,,,,,,
Collection of  Recoil Testing Tool : Pull Back Apparatus,71202/155MM Pull Back/PP,,Unknown,Docs\REPORTS\MTLR,loading 2015-16.docx,521002ACSFP/04/Q,2014-02-10,110MEDREGT,507ABW,,81,71202/155MM Pull Back/PP,2014-01-28,507ABW,110MEDREGT,,79,71202/155MM Pull Back/PP,2014-01-21,507ABW,HQSWC,,78,,,,,,0,,,,,,0,,,,,,0,,,,,,0,,,,,,0,,,,,,0,71202/155MM Pull Back/PP,,507ABW,HQSWC,,80,,,2015-01-15,,,,,,,2015-05-07,0,,,,,,,,,,,
Deposit Repair Work Order : FWD of,71202/155MM Pull Back/PP,,Unknown,,,71301/WO/Wksp,2014-12-27,10CORPS,507ABW,133ENGR REGT,,,,,,,,,,,,,,,,,,,,,,,,,,,,,,,,,,,,,,,,,,,,,,,,,,,,,,,,,,,,,,,,,,0,,,,,,,,,,,
"Vis Lt Gen Ravi Thodge,AVSM,SM,VSM,MGO on 15 Dec 2014",11102/Visit/PP,,Unknown,docs\Policy\pe,new microsoft office excel worksheet.xlsx,24501/Gen/TC/SC&R,2015-01-14,HQBWG,507ABW,all ABW,10,24501/GEN/TC/SCR,2015-01-16,HQBWG,507ABW,all Abw,12,24501/GEN/TC/SC&R,2015-01-23,HQ_BWG,507ABW,DTE GE EME(RECAP),13,11102/Visit/PP,2015-01-29,507ABW,HQ_BWG,,16,24501/GEN/TC/SCR,2015-01-23,HQ_BWG,507ABW,,17,1115/505/MGO/TC/SCR,2015-02-06,HQ_BWG,507ABW,,19,,,,,,,,,,,,,,,,,,,,,,,,,,2015-01-17,2015-01-28,,,,,,,,0,,,,,,,,,,,
OH OF T-72 TKS OF 5(I) ARMD SQN,70303/BV/SCANIA/PP,,Anil Chowdhury,docs\eqpts\Scania,oh of t-72 tks of 5 (i) armd sqn.docx,70303/BV/SCANIA/PP,2015-02-02,507ABW,212ROCKETREG,"47AD,514AD, 1MED, 3MED",0,300308/Cont/QiB,2015-01-28,HQ_EASTCOMD,507ABW,,0,300308/CONT/Q1,2015-01-22,HQ_EASTCOMD,507ABW,,0,70303/BV/SCANIA/PP,2015-01-21,507ABW,HQ_33CORPS,"Hq EC,HQ B Area,HQ BWG,505",0,300308/Cont/Q1B,2015-01-16,HQ_EASTCOMD,507ABW,"HQ 33 CORPS,HQ BENGAL AREA",0,70303/BV/SCANIA/PP,2015-01-15,507ABW,HQ_EASTCOMD,"HQ 33 CORPS,HQ BENGAL AREA",0,300308/12/Q1B,2014-12-29,HQ_EASTCOMD,507ABW,"MGO Br,HQ BWGp,HQ 33 CorpS",0,224000/M1/Q2,2015-04-02,HQ_33CORPS,507ABW,,0,,2015-04-28,HQ_33CORPS,507ABW,,0,,,,,,0,,2015-01-30,2015-01-28,2015-01-22,,,2015-01-12,2015-04-04,2015-04-27,,0,,,,,,,0,,0,,
"Proposal for Amendment/Addition/Deletion in Appx ""C""",71202/155MM Pull Back/PP,Gen Corres,Unknown,docs\REPORTS\SOC,addition_deletion in appx c.docx,70102/Misc/PP,2015-01-15,P&P,GM_ADM,,0,24503/ME-II,2015-01-12,HQ_BWG,507ABW,,0,B/76050/Misc/EME Ops-3(c),2014-12-10,DGEME_OPS,507ABW,MCEME,0,,,,,,0,,,,,,0,,,,,,0,,,,,,0,,,,,,0,,,,,,0,,,,,,0,,2015-01-21,,,,,,,,2015-01-22,0,,,,,,,,,,,
Information Folder : Sudarsan Das,71202/155MM Pull Back/PP,,Unknown,,,,,,,,,,,,,,,,,,,,,,,,,,,,,,,,,,,,,,,,,,,,,,,,,,,,,,,,,,,,,,,,,,,,,,,,,0,,,,,,,,,,,
Minutes of Mtg : Quarterly Update of HQ BWG Incl CQCE,71202/155MM Pull Back/PP,,Unknown,,,B/92054/EME Tech Coord,2015-01-13,DGEME_COORD,507ABW,"EME(Recap,Comb Comm,IT,Avn,Arty & Soldie",,B/92054/EME Tech Coord,2014-12-26,DGEME_COORD,507ABW,,,B/92054/EME Tech Coord,2015-05-08,INDARMY(PROD,507ABW,,,B/92054/EME Tech Coord,2015-05-18,DGEME_COORD,,,,,,,,,,,,,,,,,,,,,,,,,,,,,,,,,,,,,,,,2015-01-19,,2015-05-08,2015-05-19,,,,,,,0,,,,,,,,,1,,
Prog Report of Output : Eng Skid Loader,71202/155MM Pull Back/PP,,Sanjay Kar,,,70901/Det,2015-01-16,DET_BWG507,507ABW,,,73901/MEE/PP,2014-12-30,507ABW,DET_BWG507,,,70901/Det(iii),2015-02-26,DET_BWG507,507ABW,,,,,,,,,,,,,,,,,,,,,,,,,,,,,,,,,,,,,,,,,,,,,2015-01-19,,2015-03-03,,,,,,,,0,,,,,,,,,,,
Indigenous Development of Item : Scania,71202/155MM Pull Back/PP,,Unknown,,,3424/FDL/Sca/Prov,2015-01-07,COD_MUMBAI,Dte_of Indig,"HQBWG,505,507,508",,4001/Dol/ICV/EME/Gen Tech,2014-12-01,INTHQ_MOD,COD_MUMBAI,,,,,,,,,,,,,,,,,,,,,,,,,,,,,,,,,,,,,,,,,,,,,,,,,,,2015-01-19,,,,,,,,,,0,,,,,,,,,,,
Release of Eng Assys for Skid Steer Loader,71202/155MM Pull Back/PP,,Sanjay Kar,,,6002/315/37/ME,2015-03-16,11ENGRREGT,ESDKKA,507abw,0,6002/315/10/ME,2015-01-17,11MEDREGT,507ABW,,0,6002/315/10/ME,2015-01-16,11MEDREGT,507ABW,"475ENGRBDE,ESDKKA,194FDWKSP",0,,,,,,0,,,,,,0,,,,,,0,,,,,,0,,,,,,0,,,,,,0,,,,,,0,2015-03-17,,2015-01-20,,,,,,,,0,,,shyamal,thimpsina,,,,,,,
Deposit Repair Workorder : Fwd of,71202/155MM Pull Back/PP,,Unknown,,,71302/DR/PP,2015-02-18,507ABW,110ENGRREGT,,0,6002/315/09/ME,2015-01-16,11ENGRREGT,507ABW,"ESD,HQ475EngrBde,194FdWkspCoy",0,,,,,,0,,,,,,0,,,,,,0,,,,,,0,,,,,,0,,,,,,0,,,,,,0,,,,,,0,2015-02-18,2015-01-20,,,,,,,,,0,,8,cmd,admin,2015-11-30,2015-11-30,,,,,
Monthly DO Mar 2015,70203/AAR/PP,Gen Corres,Unknown,docs\REPORTS\MONTHLYDO,mar 2015 do (new format).doc,,,,,,0,,,,,,0,,,,,,0,,,,,,0,,,,,,0,,,,,,0,,,,,,0,,,,,,0,,,,,,0,,,,,,0,,,,,,,,,,,0,,,,,,,,,,,
Insp of Engr Eqpt: JCB 3DX,73901/MEE/PP,Gen Corres,Unknown,,,70901/Det,2015-03-12,DET_BWG507,507ABW,,0,73901/MEE/PP,2015-03-09,507ABW,DET_BWG507,,0,70901/Det,2015-02-26,DET_BWG507,507ABW,PA to Comdt 507 ABW,1,70901/Det,2015-01-19,DET_BWG507,507ABW,,0,73901/MEE/PP,2015-01-08,507ABW,DET_BWG507,HQ BWG WC Wg,1,70901/Det,2014-12-12,DET_BWG507,507ABW,HQ BWG QC Wg,1,,,,,,0,,,,,,0,,,,,,0,,,,,,0,2015-03-14,,2015-02-28,2015-01-21,,2014-12-16,,,,,0,,,,,,,,,,,
Consolidated progrep on tour notes,11102/Visit/PP,Gen Corres,Unknown,docs\REPORTS\TOURNOTE,mar 15 prog on tour note.doc,,,,,,,,,,,,,,,,,,,,,,,,,,,,,,,,,,,,,,,,,,,,,,,,,,,,,,,,,,,,,,,,,,,,,,,0,,,,,,,,,,,
Misc correspondence,70102/Misc/PP,Gen Corres,Unknown,docs\AAR\miscact,70102_misc_pp.doc,,,,,,,,,,,,,,,,,,,,,,,,,,,,,,,,,,,,,,,,,,,,,,,,,,,,,,,,,,,,,,,,,,,,,,,0,,,,,,,,,,,
Review of Est of ABW and Adv Base Wksp,40104/PP,Policy,Unknown,docs\PE,ahq letter dt 4-12-71 & hq bwg letter dt 5-05-60.docx,,,,,,,,,,,,,,,,,,,,,,,,,,,,,,,,,,,,,,,,,,,,,,,,,,,,,,,,,,,,,,,,,,,,,,,0,,,,,,,,1,,,
"TOUR NOTES VIS MAJ GEN PARAMJIT SINGH, CDR BWG",11102/Visit/PP,Gen Corres,Dipankar Biswas,docs\Policy\pe,new microsoft office excel worksheet.xlsx,11101/Tour Notes/I&M,2015-02-27,HQ_BWG,507ABW,,,11102/Visit/PP,2015-04-02,P&P,ME_Sec_507,,,11102/Tiur/DGEME/16 AE Coord,2015-04-15,HQ_BWG,507ABW,,,1111/Visit/507/TC/SC&R,2015-05-11,HQ_BWG,507ABW,,,11102/Visit/PP,2015-01-16,507ABW,HQ_BWG,,9,1111/Visit/505/TC/SC&R,2015-01-30,HQ_BWG,507ABW,,18,,,,,,,,,,,,,,,,,,,,,,,,,,,2015-05-06,2015-05-12,,,,,,,0,,,,,,,0,,0,,
Provision of PET of ABWs,40107/PL/PP,Others,Dipankar Biswas,docs\AAR\miscact,perspective plan 40107_pl_pp.doc,40107/PL/PP,2015-04-04,507ABW,HQ_BWG,,11,40107/PL/PP,2015-03-16,507ABW,HQ_BWG,,8,10201/PET/Coord/SC&R,2015-02-26,HQ_BWG,507ABW,,5,10201/PET/Coord/SC&R,2014-09-01,HQ_BWG,507ABW,,4,,,,,,0,,,,,,0,,,,,,0,,,,,,0,,,,,,0,,,,,,0,,,2015-04-07,,,,,,,,0,,,,,,,,,,,
Draft Tour Notes  Cdr BWG to 507 ABW  16-18 Apr 2015,11102/Visit/PP,Others,Dipankar Biswas,,,,,,,,,,,,,,,,,,,,,,,,,,,,,,,,,,,,,,,,,,,,,,,,,,,,,,,,,,,,,,,,,,,,,,,,,0,,,,,,,,,,,
Freash PGME pf annual Performance Audit of ABWs : APA 2014-2,708/P/PP,Others,Dipankar Biswas,docs\APA\14_15,14-15 apa report as per td 19 dt 13 feb 08.doc,70903/APA/Gen/PP&O,2015-04-17,HQ_BWG,507ABW,,0,,,,,,0,,,,,,0,,,,,,0,,,,,,0,,,,,,0,,,,,,0,,,,,,0,,,,,,0,,,,,,0,2015-04-29,,,,,,,,,,0,,,,,,,,,,,
Performance Feedback of OH Veh BA No 94E-11199N Kraz,73901/APPRN/PP,,Unknown,,,73901/Apprn/PP,2015-08-27,507ABW,46ADREGT,,1,,,,,,,,,,,,,,,,,,,,,,,,,,,,,,,,,,,,,,,,,,,,,,,,,,,,,,,,,,,,,,,,,0,,,,,,,,,,,
Performance Feedback EM 084689 E08 Tata JD,73901/APPRN/PP,,Unknown,,,Feed Back,,71ENGRREGT,507ABW,,39,,,,,,,,,,,,,,,,,,,,,,,,,,,,,,,,,,,,,,,,,,,,,,,,,,,,,,,,,,,,,,,,,0,,,,,,,,,,,
Draft Tour Notes Maj Gen Paramjit Singh  CDR 507 16-18 Apr15,11102/Visit/PP,,Unknown,,draft tour notes  cdr bwg to 507 abw  16-18 apr 2015.docx,11101/Visit/PP,2015-04-20,507ABW,HQ_BWG,,,110102/Visit/PP,2015-05-26,507ABW,HQ_BWG,,72,,,,,,,,,,,,,,,,,,,,,,,,,,,,,,,,,,,,,,,,,,,,,,,,,,,,,,,,,,,0,,,,,,,,,,,
Tour Notes Maj Gen Paramjit Singxxxxxxxxx06 Feb 15,11102/Visit/PP,,Unknown,docs\Policy\pe\newfolder,new microsoft office word document.docx,1111/Visit/508/TC/SCR,2015-02-16,HQ_BWG,507ABW,,49,11102/Visit/PP,2015-03-14,507ABW,HQ_BWG,,50,11101/Tour Notes/I & M,2015-02-27,HQ_BWG,507ABW,,54,11102/Visit/PP,2015-04-02,GM(WOrks),ME_Sec_507,,55,11102/vISIT/pp,2015-04-11,507ABW,HQ_BWG,,,,,,,,,,,,,,,,,,,,,,,,,,,,,,,,,,,,,,,,,,,0,,,,,,,,,,,
Tentetive Visit PGME of GOC,11102/Visit/PP,,Unknown,,vis pgme dgeme 03 mar 15.doc,007/11/GS(SD),2015-03-13,HQ_BENGENGR,507ABW,,51,11102/Visit/PP,2015-03-14,GM(WOrks),GM_ADM,gm (Prod),52,,,,,,,,,,,,,,,,,,,,,,,,,,,,,,,,,,,,,,,,,,,,,,,,,,,,,,,,,,,0,,,,,,,,,,,
"Vis of Dir ESP, E in C Br on 07 Aug 2015",11102/Visit/PP,,Unknown,,,11102/Visit/PP,2015-08-12,507ABW,INTHQ_MOD,,91,4261/Gen/67/SCP-1,2015-08-24,ESDKKA,INTHQ_MOD,,94,,,,,,,,,,,,,,,,,,,,,,,,,,,,,,,,,,,,,,,,,,,,,,,,,,,,,,,,,,,0,,3,cmd,bhaskar,2015-11-30,2015-11-30,,,,,
Performance Feedback Air Comp 210/260,73901/APPRN/PP,,Unknown,docs\eqpts\aircomp,\\192.168.1.3\server-e\pps\docs\eqpts\aircomp\,73901/Apprn/PP,2015-09-01,507ABW,71ENGRREGT,,10,,,,,,,,,,,,,,,,,,,,,,,,,,,,,,,,,,,,,,,,,,,,,,,,,,,,,,,,,,,,,,,,,0,,,,,,,,,,,
Dirn of DGEME Quarterly Update,11102/Visit/PP,,Unknown,,,11103/DGEME/P-1 Coord,2015-04-15,DGEME_COORD,507ABW,,61,11103/DGEME/P-1 Coord,2015-05-04,DGEME_COORD,507ABW,,66,,,,,,,,,,,,,,,,,,,,,,,,,,,,,,,,,,,,,,,,,,,,,,,,,,,,,,,,,,,0,,,,,,,,,,,
Compensatory Off,70102/Misc/PP,Others,Unknown,,,70102/Misc/PP,,,,,,,,,,,,,,,,,,,,,,,,,,,,,,,,,,,,,,,,,,,,,,,,,,,,,,,,,,,,,,,,,,,,,,,,,,,,,,,,,
Compensatory Off,70102/Misc/PP,Others,Unknown,Docs\EXCEL,compensatory off.docx,,,,,,0,,,,,,0,,,,,,0,,,,,,0,,,,,,0,,,,,,0,,,,,,0,,,,,,0,,,,,,0,,,,,,0,,,,,,,,,,,,,,,,,,,,,,
Annual Activity Report 2014-15,70203/AAR/PP,Report & Return,Dipankar Biswas,Docs\AAR\14_15,annual activity report 14-15.docx,70203/AAR/PP,2015-06-29,,,,,,,,,,,,,,,,,,,,,,,,,,,,,,,,,,,,,,,,,,,,,,,,,,,,,,,,,,,,,,,,,,,,,,,,,,,,,,,,
Update of IMP Activities,70203/Update/PP,,Unknown,,,70302/Update/PP,2015-09-19,507ABW,HQ_BENGAREA,,76,70302/Update/PP (DO),2015-09-16,507ABW,HQ_BENGAREA,,75,,,,,,,,,,,,,,,,,,,,,,,,,,,,,,,,,,,,,,,,,,,,,,,,,,,,,,,,,,,,,,,,,,,,,,
Update on IMP Activities,70203/Update/PP,,,,,70203/Update/PP,2015-09-14,P&P,MW Sec,,71,40101/MW/Ext,2015-09-17,MW Sec,P&P,,75,,,WSG,P&P,,0,,,,,,,,,,,,,,,,,,,,,,,,,,,,,,,,,,,,,,,,,,,,,,,,,,,,,,,,,,,,,,,,
Update on IMP Activities,70203/Update/PP,,,,,PC-004/37/GS(SD),2015-09-11,HQ_BENGAREA,507ABW,,70,,,,,,,,,,,,,,,,,,,,,,,,,,,,,,,,,,,,,,,,,,,,,,,,,,,,,,,,,,,,,,,,,,,,,,,,,,,,
Weekly Tele Update By Stn CDRS to GOC Bengal Area,70203/Update/PP,,,,,,,STN_HQKKA,507ABW,,0,,,HQ_BENGAREA,STN_HQKKA,507,0,,,,,,,,,,,,,,,,,,,,,,,,,,,,,,,,,,,,,,,,,,,,,,,,,,,,,,,,,,,,,,,,,,,,,,
Update on IMP Activities,70203/Update/PP,,,,,PC-0004/37/GS(SD),2015-08-13,HQ_BENGAREA,507ABW,,67,,,,,,,,,,,,,,,,,,,,,,,,,,,,,,,,,,,,,,,,,,,,,,,,,,,,,,,,,,,,,,,,,,,,,,,,,,,,
Update on IMP Activities,70203/Update/PP,,,,,70302/Update/PP,2015-08-20,507ABW,STN_HQKKA,,66,Msg Srl No 30,2015-06-17,,,,51,,,,,,,,,,,,,,,,,,,,,,,,,,,,,,,,,,,,,,,,,,,,,,,,,,,,,,,,,,,,,,,,,,,,,,
Update of IMP Activities,70203/Update/PP,,,,,,,507ABW,HQ_BENGAREA,,0,005/1/GS(SD),2015-11-07,HQ_AIRFORCE,507ABW,,,,,,,,,,,,,,,,,,,,,,,,,,,,,,,,,,,,,,,,,,,,,,,,,,,,,,,,,,,,,,,,,,,,,,,,
Update on IMP Activities,70203/Update/PP,,,,,005/1/GS(SD),2014-11-07,HQ_BENGAREA,507ABW,,1,70203/AAR/PP,2014-11-25,507ABW,HQ_BENGAREA,,2,70203/Update/PP,2014-12-09,P&P,MW Sec,"TT Cell,WSG,OSS",3,60901/SR/WSG,2014-12-16,WSG,P&P,,4,40101/MW/(Est),2014-12-17,MW Sec,P&P,,5,81204/SPR/OSS,2014-12-17,OSS,P&P,,6,,,,,,,,,,,,,,,,,,,,,,,,,,,,,,,,,,,,,1,,,,,,,,,
Update on IMP Activities,70203/Update/PP,,,,,70203/Update/PP,2014-12-24,507ABW,HQ_BENGAREA,,7,81204/SPR/OSS,2014-12-31,OSS,P&P,,8,70203/Update/PP,2015-01-16,P&P,MW Sec,"TTC,WSG,OSS",9,No NO,2015-01-22,TT Cell,P&P,,10,81204/SPR/OSS,2015-01-19,OSS,P&P,,11,24501/MW/Est,2015-01-21,MW Sec,P&P,,12,,,,,,,,,,,,,,,,,,,,,,,,,,,,,,,,,,,,,3,cmd,admin,2015-11-30,,,,,,
Update on IMP Activities,70203/Update/PP,,,,,70203/AAR/PP,2015-01-26,507ABW,HQ_BENGAREA,,13,005/1/GS(SD)S,2015-01-23,HQ_BENGAREA,507ABW,,14,STA/KKA/97/G,2015-01-24,STN_HQKKA,ESDKKA,507,15,70203/AAR/PP,2015-02-18,P&P,MW Sec,"TT Cell, WSG, OSS",16,60901/SR/WSG,2015-02-19,WSG,P&P,,17,81204/SPR/OSS,2015-02-21,OSS,P&P,,17,,,,,,,,,,,,,,,,,,,,,,,,,,,,,,,,,,,,,,,,,,,,,,
Update on IMP Activities,70203/Update/PP,,,,,40101/MW/(Est),2015-02-23,MW Sec,P&P,,18,70203/Update/PP,2015-02-24,507ABW,HQ_BENGAREA,,19,005/1/GS(SD),2015-02-25,HQ_BENGAREA,507ABW,,20,70203/Update/PP,2015-03-17,P&P,MW Sec,"TTC,WSG,OSS",21,40101/MW/(Est),2015-03-18,MW Sec,P&P,,22,60901/SR/WSG,2015-03-21,WSG,P&P,,23,,,,,,,,,,,,,,,,,,,,,,,,,,,,,,,,,,,,,,,,,,,,,,
Update on IMP Activities,70203/Update/PP,,,,,81204/SPR/OSS,2015-03-20,OSS,P&P,,24,40101/MW/(Est),2015-03-18,MW Sec,P&P,,25,70203/Update/PP,2015-03-24,507ABW,HQ_BENGAREA,,27,005/1/GS/(SD),2015-03-24,HQ_BENGAREA,507ABW,,28,STA/KKA/97 (GEN)/G,2015-03-25,STN_HQKKA,ESDKKA,507,29,70203/Update/PP,2015-03-28,507ABW,STN_HQKKA,,30,,,,,,,,,,,,,,,,,,,,,,,,,,,,,,,,,,,,,,,,,,,,,,
De-markation of Defence Land at Kankinara Mil Station,70203/Update/PP,,,,,60904/QM,2015-02-24,507ABW,DM_24PGS,,26,,,,,,,,,,,,,,,,,,,,,,,,,,,,,,,,,,,,,,,,,,,,,,,,,,,,,,,,,,,,,,,,,,,,,,,,,,,,
Update on IMP Activities,70203/Update/PP,,,,,81204/SPR/OSS,2015-04-01,OSS,P&P,,31,PC-004/37/GS(SD),2015-04-01,HQ_BENGAREA,507ABW,,32,40101/MW/(Est),2015-04-02,MW Sec,P&P,,33,70203/Update/PP,2015-04-09,P&P,MW Sec,,34,70203/Update/PP,2015-04-11,P&P,GM(Prod),,35,40101/MW(Est),2015-04-11,MW Sec,P&P,,36,,,,,,,,,,,,,,,,,,,,,,,,,,,,,,,,,,,,,8,,admin,2015-11-30,2015-11-26,,,,,
Update on IMP Activities,70203/Update/PP,,,,,60901/SR/WSG,2015-04-16,WSG,P&P,,37,70203/Update/PP,2015-04-20,507ABW,HQ_BENGAREA,,38,PC-004/37/GS(SD),2015-04-27,HQ_BENGAREA,507ABW,,41,PC-004/37/GS(SD),2015-04-17,HQ_BENGAREA,507ABW,,39,STA/KKA/97/(GEN)/G,2015-04-18,STN_HQKKA,507ABW,,40,70203/Update/PP,2015-04-28,507ABW,STN_HQKKA,,42,,,,,,,,,,,,,,,,,,,,,,,,,,,,,,,,,,,,,,,,,,,,,,
Update on IMP Activities,70203/Update/PP,,,,,70203/Update/PP,2015-05-15,P&P,MW Sec,"TTC,WSG,OSS",43,STA/KKA/97/G(GEN),2015-05-16,STN_HQKKA,ESDKKA,507,44,60901/SR/WSG,2015-05-18,WSG,P&P,,45,40101/MW/(Est),2015-05-18,MW Sec,P&P,,46,70203/Update/PP,2015-05-19,507ABW,HQ_BENGAREA,,47,70203/Update/PP,2015-05-20,507ABW,STN_HQKKA,,48,,,,,,,,,,,,,,,,,,,,,,,,,,,,,,,,,,,,,,,,,,,,,,
Update on IMP Activaties,70203/Update/PP,,,,,70203/Update/PP,2015-06-17,P&P,MW Sec,,49,PC-004/37/GS(SD),2015-06-16,HQ_BENGAREA,507ABW,,50,Msg Srl No 30,2015-06-17,STN_HQKKA,507ABW,,51,40101/MW/Est,2015-06-18,MW Sec,P&P,,52,60901/SR/WSG,2015-06-18,WSG,P&P,,53,70203/Update/PP,2015-06-19,507ABW,HQ_BENGAREA,,54,,,,,,,,,,,,,,,,,,,,,,,,,,,,,,,,,,,,,,,,,,,,,,
Update on IMP Activities,70203/Update/PP,,,,,70203/Update/PP,2015-06-23,507ABW,STN_HQKKA,,55,70203/Update/PP,2015-07-15,P&P,MW Sec,,56,60901/SR/WSG,2015-07-16,WSG,P&P,,57,40101/MW(Est),2015-07-17,MW Sec,P&P,,58,70203/Update/PP,2015-07-20,507ABW,HQ_BENGAREA,,59,70203/Update/PP,2015-07-20,507ABW,STN_HQKKA,,60,,,,,,,,,,,,,,,,,,,,,,,,,,,,,,,,,,,,,,,,,,,,,,
Update on IMP Activates,70203/Update/PP,,,,,70203/Update/PP,2015-08-13,P&P,MW Sec,,61,81204/SRM/OSS,2015-08-14,OSS,P&P,,62,60901/SR/WSG,2015-08-14,WSG,P&P,,63,40101/MW(Est),2015-08-18,MW Sec,P&P,,64,70203/Update/PP,2015-08-19,507ABW,HQ_BENGAREA,,65,70203/Update/PP,2015-08-20,507ABW,STN_HQKKA,,66,,,,,,,,,,,,,,,,,,,,,,,,,,,,,,,,,,,,,,,,,,,,,,
Update on IMP Activities,70203/Update/PP,,,,,PC-004/37/GS(SD),2015-08-14,HQ_BENGAREA,507ABW,,67,46001/BA/Gen,2015-08-19,HQ_BENGAREA,STN_HQKKA,507,68,STA/KKA/97/93/G,2015-08-29,STN_HQKKA,507ABW,,69,PC-004/37/GS(SD),2015-09-11,HQ_BENGAREA,507ABW,,70,70203/Update/PP,2015-09-14,P&P,MW Sec,,71,60901/SR/WSG,2015-09-16,WSG,P&P,,72,,,,,,,,,,,,,,,,,,,,,,,,,,,,,,,,,,,,,,,,,,,,,,
Update on IMP Activities,70203/Update/PP,,,,,40101/MW(Est),2015-09-17,MW Sec,P&P,,73,60901/QM,2015-09-07,QM,P&P,,74,,,,,,,,,,,,,,,,,,,,,,,,,,,,,,,,,,,,,,,,,,,,,,,,,,,,,,,,,,,,,,,,,,,,,,
Modernisation of Wksp,11102/Visit/PP,,,,,No ref,2015-01-01,,,,1,,,,,,,,,,,,,,,,,,,,,,,,,,,,,,,,,,,,,,,,,,,,,,,,,,,,,,,,,,,,,,,,,,,,,,,,,,,,
Progress on Tour Notes,11102/Visit/PP,,,,,11102/Visit/PP,2015-01-14,507ABW,HQ_BWG,,2,B/35810/EME Recap-4,2013-09-23,INTHQ_MOD,507ABW,,2,11102/Visit/PP,2015-02-10,507ABW,HQ_BWG,,20,11102/Visit/PP,2015-03-12,507ABW,HQ_BWG,,48,11102/Visit/PP,2015-04-09,507ABW,HQ_BWG,,58,11102/Visit/PP,2015-05-14,507ABW,HQ_BWG,,70,,,,,,,,,,,,,,,,,,,,,,,,,,,,,,,,,,,,,,,,,,,,,,
Toup Notes of the Vis Lt  Gen K J Singh DGEME to 506,11102/Visit/PP,,,,,11101/DGEME Conf/Visit,2014-12-12,HQ_BWG,507ABW,,3,11102/Visit/PP,2015-01-13,507ABW,HQ_BWG,507,4,1111/Visit/506/TC/SCR,2015-01-29,HQ_BWG,507ABW,,22,,,,,,,,,,,,,,,,,,,,,,,,,,,,,,,,,,,,,,,,,,,,,,,,,,,,,,,,,,,,,,,,
Tour Notes  Lt Gen MMS Rai GOC-in-C EC to HQ 101 on 09 Dec14,11102/Visit/PP,,,,,007/8/GS(SD),2014-12-31,HQ_BENGAREA,945TPTCOY,507,5,STA/KKA/18,2015-01-06,STN_HQKKA,ESDKKA,507,6,11102/Visit/PP,2015-01-15,P&P,GM_ADM,,7,60901/CRC/WSG,2015-01-17,WSG,P&P,,11,STA/KKA/18/TN/11/A,2015-06-03,STN_HQKKA,HQ_BENGAREA,,75,007/8/GS(SD),2015-12-31,HQ_BENGAREA,945TPTCOY,,77,,,,,,,,,,,,,,,,,,,,,,,,,,,,,,,,,,,,,,,,,,,,,,
Prog on Tour Notes,11102/Visit/PP,,,,,11102/Visit/PP,2015-01-16,507ABW,HQ_BENGENGR,,8,,,,,,,,,,,,,,,,,,,,,,,,,,,,,,,,,,,,,,,,,,,,,,,,,,,,,,,,,,,,,,,,,,,,,,,,,,,,
Info Brochure in R/O HQ BWG & All BWG,11102/Visit/PP,,,,,B/35825/EME Recap SYs,2015-01-21,INDARMY(PROD,HQ_BWG,507,14,11102/Visit/PP,2015-02-26,507ABW,DGEME_COORD,,38,,,,,,,,,,,,,,,,,,,,,,,,,,,,,,,,,,,,,,,,,,,,,,,,,,,,,,,,,,,,,,,,,,,,,,
PTN : Fwd of,11102/Visit/PP,,,,,11102/Visit/PP,2015-01-29,507ABW,HQ_BWG,,15,,,,,,,,,,,,,,,,,,,,,,,,,,,,,,,,,,,,,,,,,,,,,,,,,,,,,,,,,,,,,,,,,,,,,,,,,,,,
Prog on Tour Notes Maj Gen Paramjit Singh CDR to 512 04 Dec,11102/Visit/PP,,,,,11102/Visit/PP,2015-02-10,507ABW,HQ_BWG,,21,1111/Visit/512/TC/SC&R,2015-02-05,HQ_BWG,507ABW,,23,11102/Visit/PP,2015-03-10,507ABW,HQ_BWG,,44,,,,,,,,,,,,,,,,,,,,,,,,,,,,,,,,,,,,,,,,,,,,,,,,,,,,,,,,,,,,,,,,
CDR Bwg to Comdt,11102/Visit/PP,,,,,24501/TC/SCR,2015-02-09,HQ_BWG,507ABW,,24,,,,,,,,,,,,,,,,,,,,,,,,,,,,,,,,,,,,,,,,,,,,,,,,,,,,,,,,,,,,,,,,,,,,,,,,,,,,
Tour Notes Maj Gen Paramjit Singh CDR to 505 on 8-9 Dec 14,11102/Visit/PP,,,,,1111/Visit/505/TC/SCR,2015-01-30,HQ_BWG,507ABW,,25,11102/Visit/PP,2015-02-10,507ABW,HQ_BWG,,25,11102/Visit/PP,2015-02-11,507ABW,HQ_BWG,,26,,,,,,,,,,,,,,,,,,,,,,,,,,,,,,,,,,,,,,,,,,,,,,,,,,,,,,,,,,,,0,,,,
PN on Greater Result Orientation by Re-Energising OH Philoso,11102/Visit/PP,,,,,11105/505/MGO/TC/SC&R,2015-02-11,HQ_BWG,507ABW,,28,11105/505/MGO/TC/SC&R,2015-02-12,HQ_BWG,507ABW,,29,B/35197/EME Recap-1,2015-02-12,DGEME_RECAP,HQ_BWG,,32,11105/505/MGO/TC/SC&R,2015-02-13,HQ_BWG,507ABW,,33,101/PA,2015-02-16,507ABW,HQ_BWG,,36,,,,,,,,,,,,,,,,,,,,,,,,,,,,,,,,,,,,,,,,,,,,,,,,,,,,
Tour Notes Maj Gen Paramjit Singh CDR to 506 on 13-14 Dec 14,11102/Visit/PP,,,,,11102/Visit/PP,2015-02-13,507ABW,HQ_BWG,,30,,,,,,,,,,,,,,,,,,,,,,,,,,,,,,,,,,,,,,,,,,,,,,,,,,,,,,,,,,,,,,,,,,,,,,,,,,,,
Initial Pstn to CDR BWG,11102/Visit/PP,,,,,11102/Visit/PP,2015-02-13,507ABW,HQ_BWG,,31,,,,,,,,,,,,,,,,,,,,,,,,,,,,,,,,,,,,,,,,,,,,,,,,,,,,,,,,,,,,,,,,,,,,,,,,,,,,
Cost Acct on D80 and Other Engr Eqpt,11102/Visit/PP,,,,,11102/Visit/PP,2015-02-13,P&P,WSG,,32,,,,,,,,,,,,,,,,,,,,,,,,,,,,,,,,,,,,,,,,,,,,,,,,,,,,,,,,,,,,,,,,,,,,,,,,,,,,
Prog on Tour Notes Maj Gen Paramjit Singh CDR to 512 29Jan15,11102/Visit/PP,,,,,1111/Visit/512/TC/SCR,2015-02-05,HQ_BWG,507ABW,,34,11102/Visit/PP,2015-02-13,507ABW,HQ_BWG,,35,,,,,,,,,,,,,,,,,,,,,,,,,,,,,,,,,,,,,,,,,,,,,,,,,,,,,,,,,,,,,,,,,,,,,,
PSTN on Dozer from 507 ABW,11102/Visit/PP,,,,,101/PA,2015-02-16,507ABW,HQ_BWG,,,,,,,,,,,,,,,,,,,,,,,,,,,,,,,,,,,,,,,,,,,,,,,,,,,,,,,,,,,,,,,,,,,,,,,,,,,,,,
Visit Prog Lt Gen KJ Singh DGEME at 507 on 03 Mar 2015,11102/Visit/PP,,,,,10220/TD/EME COORD,2015-02-24,INDARMY(PROD,507ABW,,37,11101/MW/Coord,2015-02-26,GM_ADM,P&P,"wsg,pm,mco,r&i",,330111/DGEME/EME Coord,2015-02-26,HQ_EASTCOMD,507ABW,,,10220/TP/EME COORD,2015-02-25,INDARMY(PROD,507ABW,,42,11101/Visit/PP,2015-03-09,507ABW,INDARMY(PROD,,43,11102/Tour/DGEME/16/AE,2015-04-15,HQ_TGEME,507ABW,,62,,,,,,,,,,,,,,,,,,,,,,,,,,,,,,,,,,,,,,,,,,,,,,
Guidelines for pstn to DGEME,11102/Visit/PP,,,,,24501/GEN/TC/SCR,2015-02-27,HQ_BWG,507ABW,,41,24501/GEN/TC/SCR,2015-03-11,HQ_BWG,507ABW,,47,24501/TC/SCR,2015-05-18,HQ_BWG,507ABW,,71,,,,,,,,,,,,,,,,,,,,,,,,,,,,,,,,,,,,,,,,,,,,,,,,,,,,,,,,,,,,,,,,
"Lt Gen Charanjit Singh, JD EME (Recap Sys)",11102/Visit/PP,,,,,11101/Visit/PP,2015-02-27,507ABW,INDARMY(PROD,,45,11101/Visit/PP,2006-03-03,507ABW,INDARMY(PROD,,45,,,,,,,,,,,,,,,,,,,,,,,,,,,,,,,,,,,,,,,,,,,,,,,,,,,,,,,,,,,,,,,,,,,,,,
Appt of Col A Johar as Comdt of 507,11102/Visit/PP,,,,,20901/MW/Coord,2015-03-30,507ABW,601EMEBN,DO to Col A Johar,53,,,,,,,,,,,,,,,,,,,,,,,,,,,,,,,,,,,,,,,,,,,,,,,,,,,,,,,,,,,,,,,,,,,,,,,,,,,,
Tour Notes Maj Gen Paramjit Singh CDR to 509 on 12-13 Nov 14,11102/Visit/PP,,,,,11102/QC-1,2015-03-17,HQ_BWG,507ABW,,56,1102/QC-1,2015-03-25,DET_BWG507,507ABW,,56,11102/Visit/PP,2015-04-02,507ABW,DET_BWG507,,57,,,,,,,,,,,,,,,,,,,,,,,,,,,,,,,,,,,,,,,,,,,,,,,,,,,,,,,,,,,,,,,,
Visit Prog Lt Gen KJ Singh DGEME at 507 on 03 Mar 2015,11102/Visit/PP,,,,,B/76004/Tour DG/9/EME Ops-3(c),2015-04-07,DGEME_COORD,507ABW,,63,11101/Tour Notes/I&M,2015-04-24,HQ_BWG,507ABW,,64,11101/Tour Notes/IM,2015-04-28,HQ_BWG,507ABW,,65,11102/Visit/PP,2015-05-05,507ABW,HQ_BWG,,67,11102/Visit/PP,2015-05-11,507ABW,DGEME_OPS,,68,1111/Visit/507/TC/SCR,2015-05-12,HQ_BWG,507ABW,,69,,,,,,,,,,,,,,,,,,,,,,,,,,,,,,,,,,,,,,,,,,,,,,
Visit Prog Lt Gen KJ Singh DGEME at 507 on 03 Mar 2015,11102/Visit/PP,,,docs\Policy\pe,new microsoft office excel worksheet.xlsx,11102/Tour/DGEME/16/AE Coord,2015-05-18,HQ_BWG,507ABW,,73,11102/Tour/DGEME/16/AE Coord,2015-06-02,HQ_BWG,507ABW,,74,11102/Tour/DGEME/16/AE Coord,2015-06-19,HQ_BWG,507ABW,,79,11102/Visit/PP,2015-06-19,507ABW,HQ_BWG,,80,11102/Visit/PP,2015-07-06,507ABW,INDARMY(PROD,,87,,,,,,,,,,,,,,,,,,,,,,,,,,,,,,,,,,,,,,,,,,,,,,,,0,,,,
Progress on Tour Notes,11102/Visit/PP,,,,,11102/Visit/PP,2015-06-09,507ABW,HQ_BWG,,76,11102/Visit/PP,2015-09-11,507ABW,HQ_BWG,,93,,,,,,,,,,,,,,,,,,,,,,,,,,,,,,,,,,,,,,,,,,,,,,,,,,,,,,,,,,,,,,,,,,,,,,
Tour Notes  Lt Gen MMS Rai GOC-in-C EC to HQ 101 on 09 Dec14,11102/Visit/PP,,,,,11102/Visit/PP,2015-06-15,P&P,GM(Prod),,77,11001/MW(Est),2015-06-17,MW Sec,P&P,,78,1102/Visit/PP,2015-06-22,507ABW,HQ_BENGAREA,,81,,,,,,,,,,,,,,,,,,,,,,,,,,,,,,,,,,,,,,,,,,,,,,,,,,,,,,,,,,,,,,,,
Info Brochure : Army/ADV Base Wksps,11102/Visit/PP,,,docs\Policy\pe,new microsoft office excel worksheet.xlsx,B/35819/Info/EME Recap Sys-6,2015-06-22,Dte_GenRecap,HQ_BWG,,82,24501/TC/SC&R,2015-07-02,,507ABW,,85,11102/Visit/PP,2015-07-06,507ABW,HQ_BWG,,86,24501/TC/SC&R,2015-07-09,HQ_BWG,507ABW,,88,,,,,,,,,,,,,,,,,,,,,,,,,,,,,,,,,,,,,,,,,,,,,,,,,,,,,,,,,,
Strict Adherence to the Time Schedule Prescribed Model Calen,11102/Visit/PP,,,,,20801/507/T-8/Est,2015-06-18,HQ_BWG,507ABW,,83,11102/Visit/PP,2015-06-25,P&P,Est,,84,,,,,,,,,,,,,,,,,,,,,,,,,,,,,,,,,,,,,,,,,,,,,,,,,,,,,,,,,,,,,,,,,,,,,,
Progress on Tour Notes,11102/Visit/PP,,,,,11102/Visit/PP,2015-07-10,507ABW,HQ_BWG,,89,11102/Visit/PP,2015-08-11,507ABW,HQ_BWG,,90,,,,,,,,,,,,,,,,,,,,,,,,,,,,,,,,,,,,,,,,,,,,,,,,,,,,,,,,,,,,,,,,,,,,,,
"Tour Notes Maj Gen Paramjit Singh,CDR to 506 24-25 Aug 15",11102/Visit/PP,,,,,1116/Visit/506/TC/SCR,2015-08-31,HQ_BWG,507ABW,,92,,,,,,,,,,,,,,,,,,,,,,,,,,,,,,,,,,,,,,,,,,,,,,,,,,,,,,,,,,,,,,,,,,,,,,,,,,,,
Performance Feedback of OH Veh,73901/APPRN/PP,,,,,73901/Apprn/PP,2015-08-17,507ABW,ALAO_507,,3,73901/Apprn/PP,2015-08-17,507ABW,,,5,73901/Apprn/PP,2015-08-31,507ABW,,,6,,,,,,,,,,,,,,,,,,,,,,,,,,,,,,,,,,,,,,,,,,,,,,,,,,,,,,,,,,,,,,,,
Performance Feedback BA No 90E-10435K Scania GTV,73901/APPRN/PP,,,,,73901/Apprn/PP,2015-09-01,507ABW,62ENGRREGT,,,,,,,,,,,,,,,,,,,,,,,,,,,,,,,,,,,,,,,,,,,,,,,,,,,,,,,,,,,,,,,,,,,,,,,,,,,,,,
Performance Feedback BA No 89E 10356 Scania GTV,73901/APPRN/PP,,,,,73901/Apprn/PP,2015-09-01,507ABW,218MEDREGT,,8,Feed back 90E-10356Y,,218MEDREGT,507ABW,,63,516501/128/Q/2015,2015-09-29,218MEDREGT,507ABW,,66,,,,,,,,,,,,,,,,,,,,,,,,,,,,,,,,,,,,,,,,,,,,,,,,,,,,,,,,,,,,,,,,
 Performance Feedback Veh BA No   88E-8882N Scania GTV,73901/APPRN/PP,,,,,73901/Apprn/PP,2015-09-01,507ABW,253MEDREGT,,9,,,,,,,,,,,,,,,,,,,,,,,,,,,,,,,,,,,,,,,,,,,,,,,,,,,,,,,,,,,,,,,,,,,,,,,,,,,,
Performance Feedback Veh BA 82E-4909K Kraz 255B,73901/APPRN/PP,,,docs\Policy\pe\newfolder,new microsoft office word document.docx,73901/Apprn/PP,2015-08-26,507ABW,47ADREGT,,11,Q-516501/79/TEO,2015-08-13,46ADREGT,507ABW,,12,Q-516501/79/TEO,2015-08-31,46ADREGT,507ABW,,13,73901/Apprn/PP,2015-09-04,507ABW,47ADREGT,,1,516513/59/MT,2015-09-01,47AIRDEF,507ABW,,17,,,,,,,,,,,,,,,,,,,,,,,,,,,,,,,,,,,,,,,,,,,,,,,,1,,,,
Performance Feedback Veh Ba No 93E-10795E Kraz,73901/APPRN/PP,,,,,516501/80/Q,2015-08-27,18MEDREGT,507ABW,,15,,,,,,,,,,,,,,,,,,,,,,,,,,,,,,,,,,,,,,,,,,,,,,,,,,,,,,,,,,,,,,,,,,,,,,,,,,,,
Revision of Performance Feedback Form : Eqpt OH by ABWs,73901/APPRN/PP,,,,,70302/Gen Corres/QC-2,2015-08-31,HQ_BWG,507ABW,,18,70302/Gen Corres/QC-2,2015-08-25,HQ_BWG,507ABW,,19,70302/Gen Corres/QC-2,2015-08-28,HQ_BWG,507ABW,,21,70303/Det,2015-09-09,DET_BWG507,507ABW,,29,70303/Det,2015-09-11,DET_BWG507,507ABW,,32,,,,,,,,,,,,,,,,,,,,,,,,,,,,,,,,,,,,,,,,,,,,,,,,,,,,
Performance Feedback of OH Vehs,73901/APPRN/PP,,,,,516501/24/Q,2015-09-06,62MEDREGT,153MEDREGT,,20,73901/Apprn/PP,2015-08-19,507ABW,154 MED REGT,,20,516501/Kraz/46/Q,2015-09-01,60MEDREGT,507ABW,,22,516501/BOH/24/Q,2015-09-03,111ROCREGT,507ABW,,23,,,,,,,,,,,,,,,,,,,,,,,,,,,,,,,,,,,,,,,,,,,,,,,,,,,,,,,,,,
Performance Feedback OH Veh 85E-5955H & 93E-10743K Kraz,73901/APPRN/PP,,,,,73901/Apprn/PP,2015-09-14,507ABW,194MEDREGT,195 Med Regt,34,Feed back,,195MEDREGT,507ABW,,60,Feed back 93E-10743K,,195MEDREGT,507ABW,,61,516501/136/Q,2015-10-02,195MEDREGT,507ABW,,62,,,,,,,,,,,,,,,,,,,,,,,,,,,,,,,,,,,,,,,,,,,,,,,,,1,,admin,2015-11-30,,,,,,
Performance Feedback of OH Veh BA 83E-5582L,73901/APPRN/PP,,,,,73901/Apprn/PP,2015-09-14,507ABW,2208SQN,,34,,,,,,,,,,,,,,,,,,,,,,,,,,,,,,,,,,,,,,,,,,,,,,,,,,,,,,,,,,,,,,,,,,,,,,,,,,,,
Performance Feedback OH Veh BA 83E-5737E Kraz 255B,73901/APPRN/PP,,,,,516501/BOH/36/Q,2015-09-05,213ROCKETREG,507ABW,,35,,,,,,,,,,,,,,,,,,,,,,,,,,,,,,,,,,,,,,,,,,,,,,,,,,,,,,,,,,,,,,,,,,,3,cmd,bhaskar,2015-11-30,,,,,,
Performance Feedback EM 084373 E00 JCB 3DX,73901/APPRN/PP,,,,,Feed back,,71ENGRREGT,,,36,,,,,,,,,,,,,,,,,,,,,,,,,,,,,,,,,,,,,,,,,,,,,,,,,,,,,,,,,,,,,,,,,,,,,,,,,,,,
Performance Feedback EM 084385 E03,73901/APPRN/PP,,,,,Feed Back,,71ENGRREGT,507ABW,,38,,,,,,,,,,,,,,,,,,,,,,,,,,,,,,,,,,,,,,,,,,,,,,,,,,,,,,,,,,,2015-11-09,,,,,,,,,,,,,,,,,
Performance Feedback EM 060652 H02 D80 A12,73901/APPRN/PP,,,,,Feed back,,71ENGRREGT,507ABW,,40,,,,,,,,,,,,,,,,,,,,,,,,,,,,,,,,,,,,,,,,,,,,,,,,,,,,,,,,,,,,,,,,,,,,,,,,,,,,
Performance Feedback EM 094814 P99 Air Comp 210Cfm,73901/APPRN/PP,,,,,Feed back,,71ENGRREGT,507ABW,,41,,,,,,,,,,,,,,,,,,,,,,,,,,,,,,,,,,,,,,,,,,,,,,,,,,,,,,,,,,,,,,,,,,,,,,,,,,,,
Performance Feedback EM 094815 X99 Air Comp 210 CFM,73901/APPRN/PP,,,,,Feed back,,71ENGRREGT,507ABW,,42,4752/Gen/251/MT,2015-09-11,71ENGRREGT,507ABW,,45,,,,,,,,,,,,,,,,,,,,,,,,,,,,,,,,,,,,,,,,,,,,,,,,,,,,,,,,,,,,,,,,,,,,,,
Performance Feedback BA 94E-11212P Kraz 255B,73901/APPRN/PP,,,,,73901/Apprn/PP,2015-09-23,507ABW,46ADREGT,,46,,,,,,,,,,,,,,,,,,,,,,,,,,,,,,,,,,,,,,,,,,,,,,,,,,,,,,,,,,,,,,,,,,,,,,,,,,,,
Perfoemance Feedback BA 94E-11264Y & 93E-11087N Kraz,73901/APPRN/PP,,,,,73901/Apprn/PP(i),2015-09-23,507ABW,46ADREGT,66 Armd Regt,47,1900/4/T,2015-10-03,66 MED REGT,507ABW,,67,,,,,,,,,,,,,,,,,,,,,,,,,,,,,,,,,,,,,,,,,,,,,,,,,,,,,,,,,,,,,,,,,,,,,,
Performance Feedback BA 88E-8775A Scania GTV,73901/APPRN/PP,,,,,Feed Back,,35MEDREGT,507ABW,,48,516501/4/Q,2015-09-16,36MEDREGT,507ABW,,49,73901/Apprn/PP,2015-09-25,507ABW,36MEDREGT,,50,,,,,,,,,,,,,,,,,,,,,,,,,,,,,,,,,,,,,,,,,,,,,,,,,,,,,,,0,,,,,,,,,
Performance Feedback BA 86E-7344Y Kraz 255B,73901/APPRN/PP,,,,,Feed back,,100MEDREGT,507ABW,,51,516513/37/Q,2015-09-21,100MEDREGT,507ABW,,52,,,,,,,,,,,,,,,,,,,,,,,,,,,,,,,,,,,,,,,,,,,,,,,,,,,,,,,,,,,,,,,,,,,,,,
Performance Feedback BA 82E 5379E Kraz 255B,73901/APPRN/PP,,,,,Feed back,,2218SQN,507ABW,,53,2218S/S-303/1/SPL MT,2015-09-22,2218SQN,,,54,,,,,,,,,,,,,,,,,,,,,,,,,,,,,,,,,,,,,,,,,,,,,,,,,,,,,,,,,,,,,,,,,,,,,,
Performance Feedback BA 83E-5596K Kraz 255B,73901/APPRN/PP,,,,,Feed back,,42MEDREGT,507ABW,,55,,,,,,,,,,,,,,,,,,,,,,,,,,,,,,,,,,,,,,,,,,,,,,,,,,,,,,,,,,,,,,,,,,,,,,,,,,,,
Performance Feedback BA 85E-5841N Kraz 255B,73901/APPRN/PP,,,,,Feed back,,42MEDREGT,507ABW,,56,516509/76/Q,2015-09-05,42MEDREGT,507ABW,,57,,,,,,,,,,,,,,,,,,,,,,,,,,,,,,,,,,,,,,,,,,,,,,,,,,,,,,,,,,,,,,,,,,,,,,
Performance Feedback BA 85E-5856L Kraz 255B,73901/APPRN/PP,,,,,516501/Q,2015-10-06,15MEDREGT,507ABW,,59,,,,,,0,,,,,,0,,,,,,0,,,,,,0,,,,,,0,,,,,,0,,,,,,0,,,,,,0,Feed back,,15MEDREGT,507ABW,,58,,,,,,,,,,,,,,,,,,1,,,,
Performance Feedback BA 88R 4856Y Kraz 255B,73901/APPRN/PP,,,,,Feed back 88R 4856Y,,2228 SQN,507ABW,,69,2228S/616/1/Tech GW,2015-10-23,2228 SQN,507ABW,,70,,,,,,,,,,,,,,,,,,,,,,,,,,,,,,,,,,,,,,,,,,,,,,,,,,,,,,,,,,,,,,,,,,,,,,
"Feed Back 5073K,5123K,5060E,5044Y,6019L,6054H,5609Y,5652H",73901/APPRN/PP,,,,,Feed back,,507ABW,111ROCREGT,,71,,,,,,,,,,,,,,,,,,,,,,,,,,,,,,,,,,,,,,,,,,,,,,,,,,,,,,,,,,,,,,,,,,,,,,,,,,,,
Performance Feedback BA 94E-11287X & 86E-7851L Kraz,73901/APPRN/PP,,,,,73901/Apprn/PP,2015-11-03,507ABW,131ADREGT,,72,73901/Apprn/PP,2015-11-05,507ABW,131ADREGT,,73,,,,,,,,,,,,,,,,,,,,,,,,,,,,,,,,,,,,,,,,,,,,,,,,,,,,,,,,,,,,,,,,,,,,,,
"Per Feedback BA 94E-11177M,94E-11193P,8871L,9319K Sca",73901/APPRN/PP,,,,,73901/Apprn/PP,2015-11-04,507ABW,323ADREGT,"253med,158med",74,73901/Apprn/PP,2015-11-05,323ADREGT,507ABW,,75,,,,,,,,,,,,,,,,,,,,,,,,,,,,,,,,,,,,,,,,,,,,,,,,,,,,,,,,,,,,,,,,,,,,,,
new microsoft office powerpoint presentation.pptx,,,,docs\Audit\plb,plb.docx,,,,,,,,,,,,,,,,,,,,,,,,,,,,,,,,,,,,,,,,,,,,,,,,,,,,,,,,,,,,,,,,,,,,,,,,,,,,,,,,,,
,,,,,,,,,,,,,,,,,,,,,,,,,,,,,,,,,,,,,,,,,,,,,,,,,,,,,,,,,,,,,,,,,,2016-03-22,,,,,,,,,,,,,,,,,,,,,
new microsoft office excel worksheet.xlsx,,,,docs\Policy,new microsoft office powerpoint presentation.pptx,,,,,,,,,,,,,,,,,,,,,,,,,,,,,,,,,,,,,,,,,,,,,,,,,,,,,,,,,,,,,,,,,,,,,,,,,,,,,,,,,,
new microsoft office word document.docx,,,,docs\Eqpts,new microsoft office word document.docx,,,,,,,,,,,,,,,,,,,,,,,,,,,,,,,,,,,,,,,,,,,,,,,,,,,,,,,,,,,,,,,,,,,,,,,,,,,,,,,,,,
new microsoft office word document.docx,,,,docs\Policy\pe,new microsoft office word document.docx,,,,,,,,,,,,,,,,,,,,,,,,,,,,,,,,,,,,,,,,,,,,,,,,,,,,,,,,,,,,,,,,,,,,,,,,,,,,,,,,,,
new microsoft office excel worksheet.xlsx,,,,docs\Policy\pe,new microsoft office excel worksheet.xlsx,,,,,,,,,,,,,,,,,,,,,,,,,,,,,,,,,,,,,,,,,,,,,,,,,,,,,,,,,,,,,,,,,,,,,,,,,,,,,,,,,,
new microsoft office word document (2).docx,,,,docs\Policy\pe,new microsoft office word document.docx,,,,,,,,,,,,,,,,,,,,,,,,,,,,,,,,,,,,,,,,,,,,,,,,,,,,,,,,,,,,,,,,,,,,,,,,,,,,,,,,,,
new microsoft office powerpoint presentation.pptx,,,,docs\Policy\pe\newfolder,new microsoft office word document (2).docx,,,,,,0,,,,,,0,,,,,,0,,,,,,0,,,,,,0,,,,,,0,,,,,,0,,,,,,0,,,,,,0,,,,,,0,,,,,,,,,,,,,,,,,,,,,,
new microsoft office powerpoint presentation.pptx,,,,docs\Policy\pe,new microsoft office word document.docx,,,,,,,,,,,,,,,,,,,,,,,,,,,,,,,,,,,,,,,,,,,,,,,,,,,,,,,,,,,,,,,,,,,,,,,,,,,,,,,,,,
new microsoft office word document.plb,,,,docs\Audit\plb,plb.docx,,,,,,,,,,,,,,,,,,,,,,,,,,,,,,,,,,,,,,,,,,,,,,,,,,,,,,,,,,,,,,,,,,,,,,,,,,,,,,0,,,,
new microsoft office powerpoint presentation.pptx,,,,docs\Policy\PE,new microsoft office powerpoint presentation.pptx,,,,,,,,,,,,,,,,,,,,,,,,,,,,,,,,,,,,,,,,,,,,,,,,,,,,,,,,,,,,,,,,,,,,,,,,,,,,,,,,,,
admin,,,,,,,,,,,,,,,,,,,,,,,,,,,,,,,,,,,,,,,,,,,,,,,,,,,,,,,,,,,,,,,,,,,,,,,,,,,,,,,,,,,,,,,
admin,,,,,,,,,,,,,,,,,,,,,,,,,,,,,,,,,,,,,,,,,,,,,,,,,,,,,,,,,,,,,,,,,,,,,,,,,,,,,,,,,,,,,,,
list of tech dir.doc,,,,docs\Tech_Literature\1_TECH_DIRECTIVE,list of tech dir.doc,,,,,,,,,,,,,,,,,,,,,,,,,,,,,,,,,,,,,,,,,,,,,,,,,,,,,,,,,,,,,,,,,,,,,,,,,,,,,,,,,,
ispl_and_tech_nical_manual_of_en.htm,,,,docs\Tech_Literature\EQPTS,ispl_and_tech_nical_manual_of_en.htm,,,,,,,,,,,,,,,,,,,,,,,,,,,,,,,,,,,,,,,,,,,,,,,,,,,,,,,,,,,,,,,,,,,,,,,,,,,,,,,,,,
deposit repair tgt policy.docx,,,,docs\Policy\REP_POL,deposit repair tgt policy.docx,,,,,,,,,,,,,,,,,,,,,,,,,,,,,,,,,,,,,,,,,,,,,,,,,,,,,,,,,,,,,,,,,,,,,,,,,,,,,,,,,,
