S_CODE,NAME,SHORT_NAME,ACT,LOCATION,CHARGE,PREFIX_CRV,L_CRV,R_CRV,L_CRVDT,PREFIX_RV,L_RV,R_RV,L_RVDT,PREFIX_ISS,L_ISS,R_ISS,L_ISSDT,PREFIX_SAL,L_SALE,R_SALE,L_SALEDT,PREFIX_S_I,L_S_IND,R_S_INDT,L_S_INDDT,PREFIX_TFR,L_TFR,R_TFR,L_TFRDT,PREFIX_CDS,CDS,L_CDS,L_CDSDT,R_CDS,PRE_RVCDS,L_RVCDS,L_RVCDSDT,R_RVCDS,PRE_IVCDS,L_IVCDS,L_IVCDSDT,R_IVCDS,PRE_BLOAD,L_BLOAD,L_BLOADDT,R_BLOAD,PRE_LPR,L_LPR,L_LPRDT,PRE_LPCTRL,L_LPCTRL,L_LPCTRLDT,R_LPCTRL,APD_PRE,APD_LNO,APD_LDT,APD_RNO,SPD_PRE,SPD_LNO,SPD_LDT,SPD_RNO,IFD_PRE,IFD_LNO,IFD_LDT,IFD_RNO,REC_PRE,REC_LNO,REC_LDT,REC_RNO,DRW_PRE,DRW_LNO,DRW_LDT,DRW_RNO,BER_PRE,BER_LNO,BER_LDT,BER_RNO,ARC_PRE,ARC_LNO,ARC_LDT,ARC_RNO,ST_ACCESS,L_ID,RADAR,POWER,LINE,RADIO,INST,CENTREM,CES,CDS_MAN,CDSIV_MAN,CDSRV_MAN,CRV_MAN,RV_MAN,IV_MAN,TV_MAN,BACK_MAN,LPR_MAN,LEDG_BAL,CDS_CTRL,LPR_CTRL,PREFIX_APD,L_APD,L_APDDT,R_APD,D_CODE,AISS_CRV,PREFIX_LM,LM,LMDT,R_LM
01,ORDNANCE STORE,ORD,1,MCO OFFICE,SUB VYAS,CRV/OSS/ORD/LP/,0,500,2017-03-14,RV/OSS/ORD/,0,500,,IV/OSS/ORD/,0,500,,,0,,,,0,,,TV/OSS/,0,0,,,0,0,,,,,,,,,,,,,,,,,,,,,,,,,,,,,,,,,,,,,,,,,,,,,,,,,,2016-07-29,,,,,,,,,,,,,,,,,,,,,,,,,,,,,,
02,ENGR STORE,ENGR,1,MCO OFFICE,S N BISWAS,CRV/ENGR/,331,5000,2019-11-30,RV/ENGR/,356,5000,2019-12-13,IV/ENGR/,731,5000,2019-11-30,,,,,,,,,TV/ENGR/,2,0,2019-06-12,,0,18,,,,,,,,,,,,,,,,,,,,,,,,,,,,,,,,,,,,,,,,,,,,,,,,,,2014-08-16,,,,,,,,,,,,,,,,,,,,,,0,,,,,,,,
03,KRAZ STORE,KRZ,1,KRAZ SECTION,KARUN CHOWDHURY/MM MOYRA,CRV/KRZ/,0,2000,2018-03-31,RV/KRZ/,0,2000,2018-05-01,IV/KRZ/,0,2000,,,,500,,,,500,,TV/KRZ/,0,0,2018-01-17,,0,219,,,,,,,,,,,,,,,,,,,,,,,,,,,,,,,,,,,,,,,,,,,,,,,,,,2016-09-20,,,,,,,,,,,,,,,,,,,,,,0,,,,,,,,
04,EXP STORE,EXP,0,MAIN GATE,KP,CRV/TESS/,0,800,2018-09-26,RV/TESS/,0,,,CIV/TESS/,0,,2018-09-26,,,,,,,,,TV/TESS/,0,,,,0,,,,,,,,,,,,,,,,,,,,,,,,,,,,,,,,,,,,,,,,,,,,,,,,,,,2014-06-21,,,,,,,,,,,,,,,,,,,,,,,,,,,,,,
05,INDG STORE,INDG,1,ORD STOTE,,81203/INDG,0,999,2019-02-12,81203/INDG,0,999,,81203/INDG,0,999,2019-02-12,,,999,,,,999,,81203/INDG,0,0,,,0,,,,,,,,,,,,,,,,,,,,,,,,,,,,,,,,,,,,,,,,,,,,,,,,,,,,,,,,,,,,,,,,,,,,,,,,81203/INDG,,,999,01,,,,,
06,SCANIA,SCAN,1,Scania Store,,CRV\Scania,0,9999,2018-05-28,RV\Scania,0,9999,2018-05-22,IV\Scania,0,9999,2018-05-28,,,9999,,,,9999,,TV\Scania,0,0,2018-03-20,,0,0,,,,,,,,,,,,,,,,,,,,,,,,,,,,,,,,,,,,,,,,,,,,,,,,,,2016-07-06,,,,,,,,,,,,,,,,,,,,,APD\Scania,0,,99999,01,,,,,
07,TATRA 815,T815,1,Tatra,,CRV/T815/,0,9999,2018-03-30,RV/T815,0,9999,2018-05-22,IV/T815/,0,9999,,,,,,,,,,tV/T815/,0,0,,,0,,,,,,,,,,,,,,,,,,,,,,,,,,,,,,,,,,,,,,,,,,,,,,,,,,,2016-01-01,,,,,,,,,,,,,,,,,,,,,,,,,01,,,,,
08,TATA TIPPER,TIPP,1,KRAZ,,CRV/TATA TIPP,7,9999,2019-11-30,RV/TATA TIPP,0,9999,2018-07-19,IV/TATA TIPP,12,9999,2019-11-30,CRV/TATA TIPP,,,,,,,,TV/TATA TIPP,0,0,,,0,,,,,,,,,,,,,,,,,,,,,,,,,,,,,,,,,,,,,,,,,,,,,,,,,,,,,,,,,,,,,,,,,,,,,,,,,,,,,,,,,
