E_CODE,E_NAME,SE_CODE,SE_NAME,D1,D2,D3,D4,D5,D6,D7
01,NSN_ENG,02,FIP ASSY,BAD,KM,,,,,
01,NSN_ENG,03,ELECTRICAL ITEM,SI,KM,PSC,,,,
02,S/MAN_ENG,02,FIP ASSY,BAD,KM,,,,,
02,S/MAN_ENG,03,ELECTRICAL ITEM,KM,PSC,SI,,,,
03,LPT_ENG,02,FIP ASSY,BAD,KM,,,,,
03,LPT_ENG,03,ELECTRICAL ITEM,KM,PSC,SI,,,,
04,TMB_ENG,02,FIP ASSY,BAD,KM,,,,,
04,TMB_ENG,03,ELECTRICAL ITEM,KM,SI,PSC,,,,
06,COLES_WRECK,01,VECHILE,KM,CRAN,TIL,,,,
06,COLES_WRECK,02,WRECKER,KM,CRAN,TIL,,,,
06,COLES_WRECK,03,ENGINE ASSY,KM,RAC,,,,,
06,COLES_WRECK,04,FIP ASSY,KM,RAC,,,,,
06,COLES_WRECK,05,ELECTRICAL ITEM,KM,CRAN,,,,,
09,LEYLAND,02,ENGINE ASSY,KM,RAC,,,,,
09,LEYLAND,03,FIP ASSY,KM,RAC,,,,,
09,LEYLAND,04,ELECTRICAL ASSY,KM,PSC,SI,,,,
17,OBM 30 HP,02,FIP ASSY,PSC,,,,,,
17,OBM 30 HP,03,ELECTRICAL ITEM,PSC,,,,,,
18,OBM 35 HP,02,FIP ASSY,PSC,,,,,,
18,OBM 35 HP,03,ELECTRICAL ITEM,PSC,,,,,,
26,KRAZ 255 CH,02,ENGINE ASSY,,,,,,,
26,KRAZ 255 CH,03,FIP ASSY,,,,,,,
26,KRAZ 255 CH,04,ELECTRICAL ITEM,,,,,,,
27,KRAZ 255 ENG,01,FIP ASSY,,,,,,,
27,KRAZ 255 ENG,02,ELECTRICAL ITEM,,,,,,,
31,R ROLLER CH,02,ENGINE ASSY,,,,,,,
31,R ROLLER CH,03,ELECTRICAL ITEM,,,,,,,
32,R ROLLER ENG,02,FIP ASSY,,,,,,,
32,R ROLLER ENG,03,ELECTRICAL ITEM,,,,,,,
33,MG 605 CH,02,ENGINE ASSY,,,,,,,
33,MG 605 CH,03,PT PUMP ASSY,,,,,,,
33,MG 605 CH,04,ELECTRICAL ITEM,,,,,,,
34,MG 605 ENG,02,FIP ASSY,,,,,,,
34,MG 605 ENG,03,ELECTRICAL ITEM,,,,,,,
35,OBM 115,02,FIP ASSY,,,,,,,
35,OBM 115,03,ELECTRICAL ITEM,,,,,,,
36,OBM 110,02,FIP ASSY,,,,,,,
36,OBM 110,03,ELECTRICAL ITEM,,,,,,,
37,D80-A12 CH,02,ENGINE ASSY,,,,,,,
37,D80-A12 CH,03,FIP ASSY,,,,,,,
37,D80-A12 CH,04,ELECTRICAL ITEM,,,,,,,
38,D80-A12 ENG,02,FIP ASSY,,,,,,,
38,D80-A12 ENG,03,ELECTRICAL ITEM,,,,,,,
39,D50-A15 CH,01,VEHICLE,,,,,,,
39,D50-A15 CH,02,ENGINE ASSY,,,,,,,
39,D50-A15 CH,03,FIP ASSY,,,,,,,
39,D50-A15 CH,04,ELECTRICAL ITEM,,,,,,,
40,D50-A15 ENG,02,FIP ASSY,,,,,,,
40,D50-A15 ENG,03,ELECTRICAL ASSY,,,,,,,
43,G14D1 CH,02,ENGINE ASSY,,,,,,,
43,G14D1 CH,03,FIP ASSY,,,,,,,
43,G14D1 CH,04,ELECTRICAL ASSY,,,,,,,
44,G14D1 ENG,02,FIP ASSY,,,,,,,
44,G14D1 ENG,03,ELECTRICAL ITEM,,,,,,,
45,P4_P6 ENGINE,02,FIP ASSY,,,,,,,
45,P4_P6 ENGINE,03,ELECTRICAL ITEM,,,,,,,
46,P6 ENGINE,02,FIP ASSY,,,,,,,
46,P6 ENGINE,03,ELECTRICAL ITEM,,,,,,,
50,TESS,01,WOODS,,,,,,,
50,TESS,02,PAINTS & CHEMICALS,,,,,,,
50,TESS,03,CLOTH & COTTON ITEM,,,,,,,
50,TESS,04,ADHESIVE,,,,,,,
50,TESS,05,"NUT,BOLT & NAILS",,,,,,,
